{
	"//": "fieldSQxq 代表校区",
	"fieldSQxq": {
		"1": "中心校区",
		"2": "南岭校区",
		"3": "新民校区",
		"4": "南湖校区",
		"5": "和平校区",
		"6": "朝阳校区",
		"7": "前卫北区"
	},
	"//": "fieldSQnj 代表年级",
	"fieldSQnj": {
		"1": "2010",
		"2": "2011",
		"3": "2012",
		"4": "2013",
		"5": "2014",
		"6": "2015",
		"7": "2016",
		"8": "2017",
		"9": "2018",
		"10": "2019",
		"11": "2020"
	},
	"//": "fieldSQgyl 代表公寓楼",
	"fieldSQgyl": {
		"1": "北苑1公寓",
		"2": "北苑2公寓",
		"3": "南苑1公寓",
		"4": "南苑2公寓",
		"5": "南苑3公寓",
		"6": "南苑4公寓",
		"7": "南苑5公寓A区",
		"8": "南苑5公寓B区",
		"9": "南苑5公寓C区",
		"10": "南苑6公寓",
		"11": "南苑7公寓",
		"12": "南苑8公寓",
		"13": "南苑9公寓",
		"14": "大学城1公寓",
		"15": "大学城2公寓",
		"16": "大学城3公寓",
		"17": "文苑1公寓",
		"18": "文苑2公寓",
		"19": "文苑3公寓",
		"20": "文苑4公寓",
		"21": "文苑5公寓",
		"22": "文苑6公寓",
		"23": "文苑7公寓",
		"24": "文苑8公寓",
		"25": "文苑9公寓",
		"26": "南岭1公寓",
		"27": "南岭2公寓",
		"28": "南岭3公寓",
		"29": "南岭4公寓",
		"30": "南岭5公寓",
		"31": "南岭6公寓",
		"32": "南岭7公寓",
		"33": "南岭8公寓",
		"34": "南岭9公寓",
		"35": "南岭10公寓",
		"36": "南岭11公寓",
		"37": "南岭12公寓A区",
		"38": "南岭12公寓B区",
		"39": "南岭12公寓C区",
		"40": "南岭13公寓",
		"41": "南岭14公寓",
		"42": "新民1公寓",
		"43": "新民2公寓",
		"44": "新民3公寓",
		"45": "新民4公寓",
		"46": "新民5公寓",
		"47": "新民6公寓",
		"48": "新民7公寓",
		"49": "新民8公寓",
		"50": "新民9公寓",
		"51": "新民10公寓",
		"52": "新民11公寓",
		"53": "南湖1公寓",
		"54": "南湖2公寓",
		"55": "南湖3公寓",
		"56": "南湖4公寓",
		"57": "南湖5公寓",
		"58": "南湖6公寓",
		"59": "朝阳1公寓",
		"60": "朝阳2公寓",
		"61": "朝阳3公寓",
		"62": "朝阳4公寓",
		"63": "朝阳5公寓",
		"64": "朝阳6公寓",
		"65": "朝阳7公寓",
		"66": "和平1公寓",
		"67": "和平2公寓",
		"68": "和平3公寓",
		"69": "和平4公寓",
		"70": "和平5公寓",
		"71": "和平6公寓",
		"72": "和平7公寓",
		"73": "和平8公寓",
		"74": "北区1公寓",
		"75": "北区2公寓",
		"76": "北区3公寓",
		"77": "北区4公寓",
		"78": "北区5公寓",
		"79": "北区6公寓",
		"80": "北区7公寓",
		"81": "北区8公寓"
	}
}
